id,title,score,num_comments,author,created_utc,url,over_18,edited,spoiler,stickied
1dhupkb,How do you orchestrate real-time workflows? ,48,36,xaii212,2024-06-17 10:19:10,https://www.reddit.com/r/dataengineering/comments/1dhupkb/how_do_you_orchestrate_realtime_workflows/,False,False,False,False
1di0owj,Thoughts on Databricks,39,25,jaina15,2024-06-17 15:21:33,https://www.reddit.com/r/dataengineering/comments/1di0owj/thoughts_on_databricks/,False,False,False,False
1dieubi,Data Engineer vs Analytics Engineer vs Data Analyst,36,11,Bubbly_Bed_4478,2024-06-18 01:34:41,https://i.redd.it/31k81vbgh87d1.jpeg,False,False,False,False
1dhu9ma,"Cubes, SSAS and the ""Modern Data Stack"". What happened? ",29,27,No-Buy-3530,2024-06-17 09:48:38,https://www.reddit.com/r/dataengineering/comments/1dhu9ma/cubes_ssas_and_the_modern_data_stack_what_happened/,False,False,False,False
1di08ky,"PowerBI with cloud data platform like snowflake, Databricks- how does it makes sense?",20,15,PreparationScared835,2024-06-17 15:02:47,https://www.reddit.com/r/dataengineering/comments/1di08ky/powerbi_with_cloud_data_platform_like_snowflake/,False,False,False,False
1di34ag,How important is system design knowledge for DEs? ,13,6,perfektenschlagggg,2024-06-17 17:02:10,https://www.reddit.com/r/dataengineering/comments/1di34ag/how_important_is_system_design_knowledge_for_des/,False,False,False,False
1dhullp,The SQL IDE for Your Terminal,13,4,rmoff,2024-06-17 10:11:42,https://harlequin.sh/,False,False,False,False
1dhto36,Architecture as code vs regular implementation,8,19,Spoovalicious,2024-06-17 09:04:32,https://www.reddit.com/r/dataengineering/comments/1dhto36/architecture_as_code_vs_regular_implementation/,False,False,False,False
1dht5my,A Guide to Dagster IO Managers: Implement a Redshift IO Manager,8,1,MisterHide,2024-06-17 08:27:24,https://bitestreams.com/blog/dagster-io-manager/,False,False,False,False
1di3m0e,Data Platform Design courses,4,2,CommitteeQueasy428,2024-06-17 17:22:03,https://www.reddit.com/r/dataengineering/comments/1di3m0e/data_platform_design_courses/,False,False,False,False
1di1zik,Has anyone actually gotten PyBeam + Kafka + K8s to work?,6,6,shepzuck,2024-06-17 16:14:56,https://www.reddit.com/r/dataengineering/comments/1di1zik/has_anyone_actually_gotten_pybeam_kafka_k8s_to/,False,False,False,False
1di5owf,Looking for clarity on building data models and popular approaches,4,7,nayosmayo,2024-06-17 18:49:09,https://www.reddit.com/r/dataengineering/comments/1di5owf/looking_for_clarity_on_building_data_models_and/,False,False,False,False
1di1215,Need Helped deleting a duplicate row detected in Type 2 SCD ,3,11,DrunkenWhaler136,2024-06-17 15:36:36,https://www.reddit.com/r/dataengineering/comments/1di1215/need_helped_deleting_a_duplicate_row_detected_in/,False,False,False,False
1dhtkz7,"Data Product structure, lifecycle, DevOps",3,0,waumau,2024-06-17 08:58:34,https://www.reddit.com/r/dataengineering/comments/1dhtkz7/data_product_structure_lifecycle_devops/,False,False,False,False
1difkpu,Dbt enforcement issues?,2,1,Bootlegcrunch,2024-06-18 02:11:32,https://www.reddit.com/r/dataengineering/comments/1difkpu/dbt_enforcement_issues/,False,False,False,False
1die4n8,How have you seen DistCp implemented?,2,0,Grouchy-Touch-6570,2024-06-18 00:58:19,https://www.reddit.com/r/dataengineering/comments/1die4n8/how_have_you_seen_distcp_implemented/,False,False,False,False
1di6jkc,Is there really no good way to convert a field of z-scores to their corresponding p-values in SQL?,2,27,PangeanPrawn,2024-06-17 19:24:17,https://www.reddit.com/r/dataengineering/comments/1di6jkc/is_there_really_no_good_way_to_convert_a_field_of/,False,False,False,False
1di25j9,Remote SQL Server to Local SQL Server,2,3,moo51,2024-06-17 16:21:48,https://www.reddit.com/r/dataengineering/comments/1di25j9/remote_sql_server_to_local_sql_server/,False,False,False,False
1dijhu1,"Slowly changing dimension type 2 (scd2) at load time: How to, why, why not, and colab implementation example.",1,0,Thinker_Assignment,2024-06-18 05:56:01,https://www.reddit.com/r/dataengineering/comments/1dijhu1/slowly_changing_dimension_type_2_scd2_at_load/,False,False,False,False
1difp1y,Transitioning to Data Engineering in Gen AI,1,2,No-Manufacturer-3155,2024-06-18 02:17:36,https://www.reddit.com/r/dataengineering/comments/1difp1y/transitioning_to_data_engineering_in_gen_ai/,False,False,False,False
1diexl6,Tutorial - How to use a makefile with dbt (with boilerplate),1,1,devschema,2024-06-18 01:39:40,https://medium.com/inthepipeline/how-to-use-a-makefile-to-speed-up-your-dbt-project-workflow-fb36eb676910,False,False,False,False
1diegy8,DE pipelines/solutions for end user input configurations,1,2,Fancy-Effective-1766,2024-06-18 01:15:34,https://www.reddit.com/r/dataengineering/comments/1diegy8/de_pipelinessolutions_for_end_user_input/,False,False,False,False
1dicx7g,Streaming ETL options in 2024 in Python?,1,4,unlikelyzer0,2024-06-17 23:59:18,https://www.reddit.com/r/dataengineering/comments/1dicx7g/streaming_etl_options_in_2024_in_python/,False,False,False,False
1di7byp,Conical Data Modeling ,1,0,th3DataArch1t3ct,2024-06-17 19:57:07,https://www.reddit.com/r/dataengineering/comments/1di7byp/conical_data_modeling/,False,False,False,False
1dhxrww,DE from mech engineering,1,7,itsnikkip,2024-06-17 13:14:29,https://www.reddit.com/r/dataengineering/comments/1dhxrww/de_from_mech_engineering/,False,False,False,False
1dieim3,"Understand the Evolution of Data Integration, from ETL to ELT to ELTP
",0,0,Bubbly_Bed_4478,2024-06-18 01:17:50,https://www.reddit.com/r/dataengineering/comments/1dieim3/understand_the_evolution_of_data_integration_from/,False,False,False,False
